<?xml version="1.0" encoding="UTF-8"?>
<project-private xmlns="http://www.netbeans.org/ns/project-private/1">
    <editor-bookmarks xmlns="http://www.netbeans.org/ns/editor-bookmarks/2" lastBookmarkId="0"/>
    <open-files xmlns="http://www.netbeans.org/ns/projectui-open-files/2">
        <group>
            <file>file:/Users/wadudsium/Documents/Customer_billing/src/customer_billing/Update_items.java</file>
            <file>file:/Users/wadudsium/Documents/Customer_billing/src/customer_billing/Add_items.java</file>
            <file>file:/Users/wadudsium/Documents/Customer_billing/src/customer_billing/Invoice.java</file>
            <file>file:/Users/wadudsium/Documents/Customer_billing/src/customer_billing/Discountable.java</file>
            <file>file:/Users/wadudsium/Documents/Customer_billing/src/customer_billing/Inventory.java</file>
            <file>file:/Users/wadudsium/Documents/Customer_billing/src/customer_billing/Global.java</file>
            <file>file:/Users/wadudsium/Documents/Customer_billing/src/customer_billing/Search.java</file>
            <file>file:/Users/wadudsium/Documents/Customer_billing/src/customer_billing/Menu.java</file>
            <file>file:/Users/wadudsium/Documents/Customer_billing/src/customer_billing/Customer_billing.java</file>
            <file>file:/Users/wadudsium/Documents/Customer_billing/src/customer_billing/Home.java</file>
            <file>file:/Users/wadudsium/Documents/Customer_billing/src/customer_billing/Billing_items.java</file>
            <file>file:/Users/wadudsium/Documents/Customer_billing/src/customer_billing/Customer_info.java</file>
        </group>
    </open-files>
</project-private>
